<!DOCTYPE suite SYSTEM "http://testng.org/testng-1.0.dtd" >
<suite name="default" data-provider-thread-count="6" parallel="tests">
 <test name="FFTest">
 	<parameter name="browser" value="firefox"/>      
    <classes>
      <class name="com.verizon.cao.automation.selenium.run.DefaultTestExcelDriven"/>
    </classes>
 </test> 
 <test name="ChromeTest">
 	<parameter name="browser" value="chrome"/>      
    <classes>
      <class name="com.verizon.cao.automation.selenium.run.DefaultTestExcelDriven"/>
    </classes>
 </test>
 <test name="IETest">
 	<parameter name="browser" value="ie"/>      
    <classes>
      <class name="com.verizon.cao.automation.selenium.run.DefaultTestExcelDriven"/>
    </classes>
 </test>
</suite>